TransactionID,Money_Sent,Sender_Username,Sender_AccountID,Recepient_Username,Recepient_AccountID
C0exjqFXYR3zdDX,1000.00,Sriram,i30aher9hw,Akshay,iwheh0eh2h
dqJmPI51YZrgV3C,1000.00,Akshay,iwheh0eh2h,Sriram,i30aher9hw
9UVczFWGtxcrZhz,1000.00,Sriram,i30aher9hw,Shashaank,sj3jj2jep2
L2RaRDBGTg6Z8R8,2000.00,Sriram,i30aher9hw,Akshay,iwheh0eh2h
4g8mXKTj12NlGcF,1000.00,Sriram,i30aher9hw,Akshay,iwheh0eh2h
cRt8OJ1Ini0ZJyW,3000.50,Akshay,iwheh0eh2h,Sriram,i30aher9hw
p6MHT39l8o1ccQ2,2000.00,Sriram,L7QWi7hgpa,Shashaank,sj3jj2jep2
r0rh59sEIXvBbiy,700.00,Hari,e5hbNxlBIO,Sriram,i30aher9hw
UJVWhnd9NlubAUK,3000.00,Polymath,B3TyFylTVw,Sriram,i30aher9hw
CW8724y6J6iiJa0,50000.00,rudra,nrBtY5GpUn,Akshay,iwheh0eh2h
3Gl6bVmapPDf0eI,10000.00,Sriram,L7QWi7hgpa,rudra,nrBtY5GpUn
BkjYidUiKnlt5nz,2000.00,Sriram,i30aher9hw,Akshay,iwheh0eh2h
qPIA2RDABY7uLPh,1500.00,lalit,f4KgdMijfk,Akshay,iwheh0eh2h
aSqDiaAeo2uJAbv,500.00,arya,z93y0ghCA8,Akshay,iwheh0eh2h
WIdlACmkBG8eQ2f,1234.00,simran,8VHCvl56eC,Akshay,iwheh0eh2h
A3FmlFHG2eIUNgL,6000.00,Hari's Daddy,g5iIJwJPVV,Hari,e5hbNxlBIO
AhSwXciFkuM6U03,0.10,Hari's Daddy,p33VIOlh1j,simran,8VHCvl56eC
N2SV6nByUZ4VZF4,1000.00,Akshay,iwheh0eh2h,Hari's Daddy,g5iIJwJPVV
94P2EEdnMI9utGH,1000.00,Sriram,i30aher9hw,Akshay,iwheh0eh2h
caRn01AJMzfeD9r,200.00,Sarat,HPZ4cspGyF,Sriram,i30aher9hw
uyKKsSMdpITYwWZ,1200.00,Sriram,i30aher9hw,Akshay,iwheh0eh2h
QfSlLmvMcOdHnn4,2000.00,Sriram,L7QWi7hgpa,Akshay,iwheh0eh2h
